{
	"manifest": {
		"publishingInformation": {
			"locales": {
				"en-IN": {
					"summary": "Sample Short Description",
					"examplePhrases": [
						"Alexa open hello world"
					],
					"keywords": [
						"hello",
						"world"
					],
					"name": "InsuranceBuddy2",
					"description": "Sample Full Description",
					"smallIconUri": "https://via.placeholder.com/108/09f/09f.png",
					"largeIconUri": "https://via.placeholder.com/512/09f/09f.png"
				},
				"en-US": {
					"summary": "Sample Short Description",
					"examplePhrases": [
						"Alexa open hello world"
					],
					"keywords": [
						"hello",
						"world"
					],
					"name": "InsuranceBuddy2",
					"description": "Sample Full Description",
					"smallIconUri": "https://via.placeholder.com/108/09f/09f.png",
					"largeIconUri": "https://via.placeholder.com/512/09f/09f.png"
				}
			},
			"isAvailableWorldwide": true,
			"testingInstructions": "Sample Testing Instructions.",
			"category": "EDUCATION_AND_REFERENCE",
			"distributionCountries": []
		},
		"apis": {
			"custom": {
				"endpoint": {
					"sslCertificateType": "Wildcard",
					"uri": "https://webhook.jovo.cloud/1fdd42ff-7057-4841-a4cf-47359835ad95"
				}
			}
		},
		"manifestVersion": "1.0",
		"privacyAndCompliance": {
			"allowsPurchases": false,
			"locales": {
				"en-IN": {
					"privacyPolicyUrl": "http://example.com/policy",
					"termsOfUseUrl": ""
				},
				"en-US": {
					"privacyPolicyUrl": "http://example.com/policy",
					"termsOfUseUrl": ""
				}
			},
			"isExportCompliant": true,
			"containsAds": false,
			"isChildDirected": false,
			"usesPersonalInfo": false
		}
	}
}